Gender,Race_Ethnicity,Parental_Education,Lunch,Test_Preparation_Course,Math_Score,Reading_Score,Writing_Score
Male,Group C,Associate's Degree,Free,Not Completed,58,58,61
Female,Group C,Some College,Paid,Not Completed,40,43,95
Male,Group C,College,Paid,Completed,88,85,58
Male,Group D,Master's Degree,Paid,Not Completed,99,42,45
Male,Group D,Some College,Paid,Not Completed,87,67,97
Male,Group B,Associate's Degree,Free,Not Completed,69,40,51
Male,Group C,Some College,Free,Completed,83,60,65
Male,Group C,High School,Free,Not Completed,87,55,41
Female,Group A,Associate's Degree,Free,Completed,48,43,49
Female,Group C,Associate's Degree,Paid,Completed,79,43,56
Female,Group D,Master's Degree,Free,Completed,69,97,62
Male,Group B,High School,Paid,Not Completed,76,100,98
Male,Group C,Some College,Free,Completed,55,52,46
Male,Group D,Associate's Degree,Paid,Completed,57,52,89
Male,Group A,High School,Free,Not Completed,49,54,40
Male,Group E,Associate's Degree,Free,Completed,45,72,100
Male,Group A,Some College,Free,Completed,58,59,46
Female,Group D,College,Paid,Completed,41,44,50
Female,Group A,High School,Free,Completed,94,80,49
Male,Group A,Associate's Degree,Free,Completed,100,99,92
Female,Group C,High School,Free,Completed,64,75,69
Female,Group A,Some College,Paid,Not Completed,85,47,73
Female,Group A,Some College,Free,Not Completed,80,50,91
Male,Group D,Associate's Degree,Free,Completed,49,71,56
Female,Group C,High School,Paid,Completed,72,66,70
Male,Group B,College,Free,Completed,94,83,73
Male,Group D,High School,Paid,Completed,90,77,48
Male,Group A,Some College,Paid,Completed,48,49,95
Male,Group E,Associate's Degree,Free,Not Completed,80,63,80
Male,Group E,High School,Paid,Not Completed,88,88,85
Female,Group C,Some College,Paid,Not Completed,92,75,84
Female,Group D,Associate's Degree,Free,Completed,79,50,73
Male,Group E,Some College,Paid,Not Completed,94,58,69
Male,Group B,Associate's Degree,Free,Completed,66,90,97
Female,Group D,College,Free,Not Completed,48,51,58
Female,Group C,College,Free,Not Completed,59,87,56
Female,Group E,Some College,Free,Not Completed,42,79,89
Male,Group D,Master's Degree,Free,Not Completed,86,85,66
Female,Group D,High School,Paid,Not Completed,48,56,56
Male,Group C,Associate's Degree,Free,Not Completed,66,66,71
Female,Group C,Associate's Degree,Free,Completed,44,42,80
Female,Group B,College,Free,Completed,66,76,97
Female,Group B,College,Free,Not Completed,85,97,75
Female,Group B,College,Free,Completed,46,43,71
Female,Group A,Associate's Degree,Free,Not Completed,86,100,97
Male,Group A,College,Paid,Completed,41,63,85
Female,Group B,College,Free,Completed,52,100,71
Male,Group B,High School,Paid,Not Completed,51,72,58
Female,Group D,Associate's Degree,Free,Not Completed,81,45,91
Female,Group C,College,Paid,Completed,81,81,79
Male,Group A,Associate's Degree,Free,Completed,48,85,46
Male,Group E,High School,Paid,Not Completed,83,84,47
Female,Group D,Master's Degree,Paid,Completed,98,67,73
Male,Group C,Master's Degree,Paid,Not Completed,68,94,40
Female,Group E,High School,Free,Not Completed,70,82,82
Female,Group D,College,Paid,Completed,100,42,51
Female,Group C,Associate's Degree,Paid,Not Completed,70,65,63
Male,Group D,College,Paid,Not Completed,64,90,67
Male,Group A,Master's Degree,Free,Completed,69,64,97
Female,Group C,Some College,Paid,Not Completed,40,76,98
Female,Group D,Some College,Paid,Not Completed,48,62,52
Male,Group A,College,Paid,Completed,82,46,46
Female,Group E,Master's Degree,Paid,Completed,56,55,95
Female,Group E,Associate's Degree,Paid,Not Completed,85,99,52
Female,Group D,Some College,Paid,Completed,74,55,75
Male,Group B,High School,Free,Not Completed,56,70,68
Male,Group C,High School,Free,Not Completed,71,51,41
Male,Group E,College,Free,Completed,53,87,62
Female,Group B,College,Paid,Not Completed,92,77,54
Male,Group D,Associate's Degree,Free,Completed,68,74,94
Male,Group C,Some College,Free,Completed,92,49,99
Female,Group C,Associate's Degree,Free,Completed,70,96,52
Female,Group E,High School,Paid,Not Completed,42,69,51
Female,Group C,Associate's Degree,Free,Not Completed,54,78,57
Female,Group A,High School,Paid,Completed,51,53,76
Female,Group E,College,Paid,Not Completed,55,81,65
Male,Group D,High School,Paid,Not Completed,96,75,79
Male,Group D,College,Free,Completed,97,76,95
Male,Group C,College,Paid,Completed,68,77,63
Female,Group C,College,Free,Completed,73,62,80
Male,Group C,College,Free,Not Completed,49,64,65
Male,Group B,Master's Degree,Paid,Not Completed,68,63,78
Female,Group D,Some College,Free,Completed,76,93,49
Female,Group D,College,Free,Completed,47,90,71
Male,Group C,Associate's Degree,Free,Not Completed,85,80,60
Male,Group A,Associate's Degree,Paid,Not Completed,42,97,62
Male,Group C,College,Paid,Not Completed,46,72,74
Male,Group C,Associate's Degree,Paid,Not Completed,69,77,74
Female,Group A,College,Free,Not Completed,71,62,88
Female,Group A,College,Paid,Completed,89,44,78
Female,Group E,Master's Degree,Free,Not Completed,60,97,99
Male,Group C,Some College,Paid,Not Completed,45,85,67
Female,Group C,High School,Free,Completed,85,60,85
Male,Group B,High School,Paid,Completed,80,100,75
Male,Group C,Master's Degree,Free,Completed,81,43,61
Female,Group B,Master's Degree,Free,Completed,84,75,90
Male,Group B,Some College,Free,Not Completed,87,84,99
Male,Group C,Associate's Degree,Free,Completed,97,96,94
Male,Group C,High School,Paid,Completed,61,89,82
Female,Group A,High School,Free,Not Completed,46,52,73
Female,Group C,High School,Free,Completed,52,41,71
Female,Group E,Associate's Degree,Paid,Completed,67,62,49
Female,Group B,Master's Degree,Free,Not Completed,40,68,82
Male,Group C,Master's Degree,Free,Completed,59,55,56
Female,Group D,High School,Free,Not Completed,60,84,100
Female,Group C,College,Paid,Not Completed,55,86,48
Female,Group E,Master's Degree,Free,Completed,50,76,62
Male,Group E,College,Free,Not Completed,55,41,57
Male,Group A,Some College,Paid,Not Completed,79,49,98
Male,Group B,Some College,Paid,Completed,67,79,51
Female,Group A,Master's Degree,Paid,Completed,78,71,48
Male,Group C,College,Paid,Not Completed,47,42,98
Male,Group A,Master's Degree,Free,Not Completed,98,86,63
Female,Group D,College,Free,Completed,69,47,46
Male,Group D,Master's Degree,Paid,Completed,48,72,78
Male,Group A,College,Paid,Not Completed,50,80,41
Male,Group D,Some College,Free,Completed,83,51,57
Female,Group C,Master's Degree,Free,Not Completed,50,82,82
Female,Group D,Master's Degree,Free,Completed,55,82,48
Female,Group E,College,Paid,Completed,91,79,64
Male,Group A,Master's Degree,Free,Not Completed,90,59,59
Male,Group D,Associate's Degree,Paid,Completed,100,71,92
Female,Group B,Associate's Degree,Paid,Completed,53,54,56
Female,Group D,College,Paid,Not Completed,42,40,70
Female,Group A,Associate's Degree,Paid,Completed,73,47,100
Male,Group C,College,Paid,Not Completed,47,71,78
Female,Group D,Some College,Paid,Completed,67,62,43
Female,Group A,College,Paid,Not Completed,46,67,65
Female,Group A,Some College,Free,Not Completed,64,57,57
Male,Group E,Associate's Degree,Free,Not Completed,89,61,94
Female,Group C,College,Free,Completed,49,77,40
Female,Group E,Master's Degree,Paid,Not Completed,75,93,40
Female,Group B,High School,Free,Completed,50,46,64
Male,Group E,High School,Free,Completed,81,58,45
Male,Group C,Master's Degree,Free,Completed,90,66,54
Male,Group D,High School,Free,Not Completed,99,55,87
Female,Group C,Master's Degree,Paid,Completed,61,42,66
Female,Group A,College,Free,Completed,74,97,58
Female,Group D,Master's Degree,Free,Not Completed,58,73,98
Female,Group A,Associate's Degree,Paid,Completed,96,55,43
Male,Group C,Some College,Paid,Completed,53,48,66
Female,Group A,Associate's Degree,Free,Completed,61,47,52
Female,Group B,College,Free,Completed,93,41,82
Male,Group B,High School,Paid,Not Completed,84,59,84
Female,Group C,Associate's Degree,Free,Not Completed,96,65,98
Female,Group E,Associate's Degree,Paid,Not Completed,67,92,71
Male,Group A,Associate's Degree,Paid,Completed,61,77,40
Female,Group E,Some College,Free,Completed,80,46,64
Female,Group A,Some College,Free,Not Completed,97,41,73
Male,Group C,Master's Degree,Paid,Not Completed,61,46,62
Female,Group E,Some College,Free,Not Completed,50,65,95
Male,Group E,Associate's Degree,Free,Not Completed,44,45,68
Male,Group B,High School,Free,Not Completed,63,70,63
Male,Group C,Master's Degree,Free,Completed,75,71,53
Male,Group D,High School,Paid,Not Completed,51,100,68
Male,Group A,College,Paid,Completed,75,63,66
Female,Group B,Some College,Free,Completed,84,100,51
Male,Group E,College,Free,Not Completed,90,59,91
Female,Group B,Associate's Degree,Free,Not Completed,57,95,40
Female,Group D,Some College,Free,Completed,42,85,79
Female,Group E,Master's Degree,Paid,Completed,54,89,88
Female,Group C,Some College,Paid,Not Completed,65,100,87
Female,Group D,Master's Degree,Free,Completed,78,50,71
Male,Group A,Associate's Degree,Paid,Not Completed,83,59,68
Male,Group B,High School,Free,Completed,95,58,65
Female,Group B,Some College,Free,Not Completed,76,56,74
Male,Group C,Associate's Degree,Free,Completed,50,76,88
Female,Group B,College,Free,Completed,82,61,51
Male,Group C,High School,Free,Completed,45,82,49
Male,Group E,Some College,Paid,Completed,95,66,73
Female,Group D,Master's Degree,Free,Completed,78,66,78
Male,Group C,College,Paid,Completed,88,98,82
Male,Group E,Associate's Degree,Paid,Not Completed,98,77,80
Female,Group E,College,Free,Not Completed,84,79,90
Male,Group E,High School,Free,Not Completed,44,44,47
Female,Group D,Associate's Degree,Free,Not Completed,50,66,97
Female,Group B,College,Paid,Not Completed,91,82,93
Female,Group B,High School,Paid,Not Completed,91,55,56
Female,Group D,Master's Degree,Paid,Completed,53,84,87
Female,Group E,High School,Free,Completed,93,81,50
Male,Group B,High School,Free,Not Completed,40,67,87
Female,Group D,College,Paid,Completed,87,100,78
Male,Group C,High School,Paid,Not Completed,90,42,43
Male,Group C,College,Paid,Not Completed,67,97,93
Female,Group A,High School,Paid,Completed,84,92,72
Male,Group B,High School,Paid,Completed,87,81,76
Male,Group A,Master's Degree,Paid,Not Completed,72,89,79
Female,Group B,Associate's Degree,Free,Not Completed,59,42,89
Male,Group E,College,Free,Completed,69,47,57
Male,Group C,College,Free,Completed,44,89,41
Female,Group D,Associate's Degree,Paid,Not Completed,91,42,97
Female,Group C,High School,Paid,Not Completed,92,62,56
Female,Group E,Master's Degree,Paid,Completed,40,95,93
Male,Group D,High School,Paid,Completed,50,54,55
Female,Group B,High School,Free,Completed,69,74,43
Female,Group E,High School,Free,Completed,97,70,70
Female,Group B,Associate's Degree,Free,Not Completed,55,74,66
Male,Group C,Master's Degree,Paid,Not Completed,45,99,61
Female,Group B,College,Paid,Completed,81,88,58
Female,Group B,College,Free,Not Completed,96,71,64
Male,Group B,College,Free,Completed,43,44,93
Male,Group C,Master's Degree,Free,Not Completed,66,89,46
Male,Group E,College,Paid,Completed,54,94,53
Female,Group B,High School,Paid,Not Completed,70,65,49
Female,Group D,College,Free,Completed,57,65,74
Female,Group E,Some College,Free,Not Completed,77,46,89
Female,Group B,Associate's Degree,Free,Completed,49,72,92
Female,Group A,High School,Paid,Not Completed,76,96,55
Female,Group A,Some College,Paid,Completed,54,55,90
Male,Group D,Master's Degree,Paid,Completed,93,73,57
Female,Group A,Master's Degree,Free,Not Completed,78,50,88
Female,Group C,Some College,Free,Completed,85,83,87
Male,Group D,Some College,Free,Completed,60,50,89
Female,Group A,Some College,Paid,Completed,88,94,92
Female,Group D,Some College,Free,Not Completed,40,75,86
Female,Group A,High School,Paid,Completed,98,72,90
Male,Group C,College,Paid,Not Completed,65,49,53
Male,Group D,Some College,Paid,Completed,47,40,96
Male,Group A,High School,Free,Completed,79,81,58
Male,Group C,High School,Paid,Completed,94,69,50
Female,Group D,Associate's Degree,Paid,Not Completed,56,82,44
Female,Group B,Master's Degree,Free,Completed,70,95,72
Female,Group D,Some College,Paid,Completed,57,71,56
Female,Group C,Some College,Free,Not Completed,72,42,66
Male,Group D,College,Free,Not Completed,80,97,95
Female,Group B,Master's Degree,Paid,Completed,54,74,43
Male,Group A,Master's Degree,Paid,Completed,61,44,60
Male,Group A,High School,Free,Completed,61,51,91
Female,Group B,Associate's Degree,Free,Not Completed,88,86,95
Female,Group B,Master's Degree,Paid,Completed,43,84,82
Male,Group C,Some College,Paid,Completed,90,47,50
Male,Group C,Associate's Degree,Free,Completed,99,94,89
Male,Group B,Associate's Degree,Paid,Not Completed,52,65,74
Female,Group E,College,Free,Completed,58,64,71
Female,Group A,High School,Free,Not Completed,79,89,91
Female,Group B,Master's Degree,Paid,Completed,55,83,98
Male,Group A,Master's Degree,Paid,Not Completed,65,65,93
Female,Group B,College,Free,Not Completed,99,91,97
Male,Group A,Some College,Paid,Completed,60,100,70
Male,Group C,College,Paid,Not Completed,65,77,95
Male,Group B,Some College,Paid,Completed,66,49,98
Male,Group D,Master's Degree,Paid,Completed,100,89,83
Female,Group E,Associate's Degree,Free,Completed,90,90,93
Female,Group D,Some College,Paid,Completed,78,48,69
Male,Group D,College,Free,Completed,88,60,67
Male,Group A,Associate's Degree,Free,Not Completed,94,93,81
Male,Group D,Master's Degree,Free,Not Completed,55,71,66
Female,Group D,Master's Degree,Free,Completed,69,69,69
Female,Group B,Associate's Degree,Free,Not Completed,74,99,65
Male,Group E,College,Free,Completed,46,90,66
Female,Group D,Some College,Paid,Not Completed,77,64,52
Male,Group E,High School,Free,Not Completed,66,77,84
Female,Group E,Associate's Degree,Paid,Not Completed,64,90,86
Female,Group A,Some College,Free,Completed,41,85,65
Male,Group B,Master's Degree,Free,Completed,41,48,91
Male,Group E,High School,Free,Not Completed,47,44,88
Male,Group E,Master's Degree,Free,Completed,44,65,72
Female,Group A,Some College,Paid,Not Completed,67,88,68
Male,Group C,College,Free,Not Completed,65,87,45
Female,Group C,Associate's Degree,Free,Completed,79,46,66
Female,Group C,College,Free,Completed,55,100,63
Female,Group B,Associate's Degree,Paid,Completed,61,95,42
Male,Group C,Some College,Free,Not Completed,56,64,65
Male,Group B,High School,Paid,Completed,42,49,80
Male,Group B,High School,Paid,Not Completed,45,66,99
Female,Group D,Associate's Degree,Paid,Completed,88,49,67
Female,Group A,Master's Degree,Free,Completed,68,86,45
Female,Group A,Master's Degree,Paid,Not Completed,65,87,49
Male,Group E,High School,Paid,Completed,93,90,44
Female,Group D,College,Free,Completed,76,71,98
Female,Group B,College,Paid,Completed,56,81,49
Female,Group B,High School,Free,Not Completed,92,91,60
Female,Group E,Associate's Degree,Free,Not Completed,62,54,73
Female,Group E,College,Free,Not Completed,95,94,98
Male,Group C,High School,Free,Not Completed,86,95,80
Male,Group A,Associate's Degree,Free,Not Completed,88,50,70
Male,Group B,High School,Paid,Not Completed,54,83,81
Male,Group A,High School,Free,Not Completed,49,99,71
Female,Group D,Master's Degree,Free,Not Completed,74,100,40
Female,Group B,Master's Degree,Free,Completed,69,87,57
Female,Group B,Associate's Degree,Free,Completed,43,40,82
Male,Group E,Master's Degree,Free,Completed,80,49,74
Female,Group C,Some College,Free,Not Completed,74,77,55
Male,Group D,Associate's Degree,Paid,Completed,45,75,76
Female,Group D,Associate's Degree,Free,Completed,69,68,75
Female,Group A,High School,Paid,Completed,56,46,61
Male,Group D,High School,Free,Completed,58,60,47
Female,Group A,Associate's Degree,Paid,Not Completed,46,61,97
Female,Group C,Some College,Paid,Completed,87,75,41
Male,Group B,Master's Degree,Free,Not Completed,65,46,50
Male,Group A,Associate's Degree,Free,Not Completed,96,82,41
Male,Group C,College,Free,Completed,80,84,68
Female,Group E,Associate's Degree,Paid,Completed,42,45,87
Female,Group E,Master's Degree,Free,Not Completed,50,96,81
Male,Group A,Some College,Paid,Not Completed,50,98,80
Male,Group A,High School,Free,Completed,65,91,45
Female,Group A,Master's Degree,Free,Not Completed,56,87,44
Male,Group B,College,Free,Completed,62,74,44
Male,Group A,High School,Paid,Completed,42,86,84
Male,Group E,Some College,Paid,Not Completed,98,81,54
Female,Group B,Some College,Free,Not Completed,78,47,43
Female,Group B,Associate's Degree,Paid,Not Completed,85,86,87
Female,Group A,Some College,Paid,Completed,85,68,80
Male,Group C,High School,Free,Completed,62,56,93
Female,Group C,High School,Paid,Completed,55,68,52
Male,Group D,Master's Degree,Paid,Not Completed,60,85,79
Male,Group E,Some College,Paid,Completed,90,54,99
Female,Group A,Master's Degree,Paid,Not Completed,60,60,93
Female,Group C,College,Paid,Not Completed,73,100,73
Female,Group E,Associate's Degree,Paid,Not Completed,85,82,43
Female,Group D,Associate's Degree,Free,Completed,66,70,99
Female,Group D,Master's Degree,Free,Not Completed,87,70,62
Female,Group C,College,Free,Not Completed,64,84,50
Male,Group E,Associate's Degree,Paid,Not Completed,58,47,57
Female,Group E,High School,Free,Completed,92,56,99
Male,Group E,College,Paid,Not Completed,48,66,51
Male,Group C,Associate's Degree,Free,Not Completed,61,98,73
Female,Group B,College,Paid,Not Completed,81,55,82
Male,Group D,Associate's Degree,Paid,Not Completed,81,86,62
Male,Group D,Associate's Degree,Paid,Not Completed,67,92,65
Male,Group E,College,Paid,Not Completed,62,87,86
Female,Group B,Some College,Paid,Not Completed,71,50,74
Female,Group D,High School,Free,Not Completed,53,57,92
Female,Group B,Associate's Degree,Free,Completed,76,81,59
Male,Group E,High School,Paid,Not Completed,61,92,98
Male,Group A,Master's Degree,Free,Completed,85,86,55
Male,Group D,Some College,Free,Completed,92,47,58
Female,Group A,College,Free,Completed,69,49,43
Female,Group B,Some College,Free,Completed,94,99,52
Female,Group C,Master's Degree,Free,Completed,48,75,97
Male,Group B,High School,Paid,Not Completed,80,53,53
Male,Group E,Associate's Degree,Free,Completed,41,68,67
Male,Group A,Associate's Degree,Free,Not Completed,93,60,84
Male,Group E,Master's Degree,Free,Completed,42,96,71
Female,Group B,Master's Degree,Paid,Not Completed,75,88,67
Male,Group B,Master's Degree,Paid,Completed,79,77,56
Female,Group C,College,Paid,Completed,49,74,96
Female,Group B,Associate's Degree,Paid,Completed,56,52,45
Male,Group A,Associate's Degree,Paid,Completed,89,93,50
Male,Group B,Master's Degree,Paid,Not Completed,85,60,70
Female,Group C,Associate's Degree,Free,Not Completed,87,94,43
Female,Group E,High School,Free,Not Completed,56,87,82
Female,Group E,Master's Degree,Paid,Not Completed,68,44,94
Male,Group C,Associate's Degree,Free,Completed,97,55,62
Male,Group A,Master's Degree,Paid,Completed,99,77,81
Female,Group C,High School,Paid,Not Completed,49,90,57
Female,Group E,Associate's Degree,Free,Not Completed,73,76,56
Male,Group E,Associate's Degree,Free,Completed,45,98,45
Male,Group A,Associate's Degree,Paid,Not Completed,54,56,58
Male,Group A,Associate's Degree,Free,Completed,87,59,66
Male,Group E,College,Free,Completed,62,86,59
Female,Group A,Associate's Degree,Paid,Not Completed,71,76,99
Female,Group D,High School,Free,Completed,44,58,63
Male,Group E,Associate's Degree,Free,Not Completed,80,78,51
Female,Group A,College,Free,Not Completed,58,40,90
Male,Group C,Associate's Degree,Paid,Completed,92,50,73
Male,Group C,Some College,Paid,Completed,81,81,41
Male,Group B,College,Free,Completed,55,48,90
Female,Group B,Master's Degree,Paid,Not Completed,98,78,55
Female,Group B,Some College,Free,Completed,47,77,75
Male,Group B,Some College,Free,Completed,54,92,47
Female,Group B,Master's Degree,Free,Not Completed,43,78,46
Female,Group C,Master's Degree,Free,Not Completed,97,73,42
Male,Group C,Master's Degree,Free,Completed,76,94,73
Male,Group E,Associate's Degree,Free,Completed,79,41,62
Male,Group C,Some College,Free,Not Completed,46,74,72
Female,Group E,Master's Degree,Free,Not Completed,55,60,44
Female,Group C,Associate's Degree,Free,Not Completed,80,58,40
Female,Group D,Some College,Free,Completed,66,84,77
Male,Group B,Associate's Degree,Free,Not Completed,74,64,91
Male,Group E,College,Paid,Completed,43,55,64
Male,Group E,College,Paid,Not Completed,44,53,97
Male,Group A,Some College,Free,Not Completed,99,67,55
Male,Group E,Some College,Paid,Completed,91,41,48
Male,Group C,High School,Paid,Not Completed,84,73,87
Female,Group C,College,Free,Completed,93,83,79
Male,Group D,Master's Degree,Paid,Not Completed,80,76,52
Male,Group E,College,Free,Not Completed,49,47,58
Male,Group B,Master's Degree,Paid,Completed,98,92,41
Male,Group C,Master's Degree,Free,Not Completed,40,89,52
Male,Group B,Master's Degree,Paid,Not Completed,49,54,60
Female,Group A,Associate's Degree,Paid,Completed,76,69,56
Male,Group C,High School,Free,Not Completed,75,86,60
Female,Group A,Some College,Paid,Completed,83,88,96
Male,Group C,Master's Degree,Free,Not Completed,64,81,64
Male,Group E,Associate's Degree,Paid,Not Completed,97,42,64
Female,Group E,Some College,Paid,Completed,77,70,67
Female,Group A,College,Free,Not Completed,54,86,55
Female,Group B,Master's Degree,Paid,Completed,60,41,60
Male,Group A,High School,Paid,Completed,69,96,93
Female,Group C,Some College,Free,Not Completed,75,81,95
Male,Group A,Associate's Degree,Free,Completed,60,62,54
Male,Group E,Associate's Degree,Paid,Not Completed,58,50,99
Male,Group B,Some College,Free,Completed,86,75,62
Female,Group B,College,Free,Not Completed,94,92,70
Male,Group C,High School,Paid,Not Completed,61,45,93
Female,Group C,Master's Degree,Free,Completed,52,50,67
Male,Group A,Some College,Free,Completed,61,43,46
Male,Group A,Some College,Free,Completed,78,76,87
Male,Group B,Associate's Degree,Free,Not Completed,41,84,79
Female,Group E,Some College,Free,Not Completed,46,91,89
Female,Group D,Some College,Paid,Not Completed,51,51,82
Male,Group B,Some College,Free,Not Completed,81,81,46
Male,Group D,Associate's Degree,Paid,Not Completed,80,96,77
Male,Group D,High School,Paid,Not Completed,91,49,100
Female,Group B,Associate's Degree,Paid,Not Completed,48,80,45
Female,Group A,College,Free,Completed,48,40,53
Female,Group A,High School,Free,Not Completed,63,42,48
Female,Group D,College,Paid,Not Completed,66,90,92
Female,Group D,High School,Paid,Completed,83,45,86
Male,Group C,Master's Degree,Paid,Completed,68,71,91
Female,Group C,Master's Degree,Free,Completed,55,50,94
Male,Group A,Master's Degree,Free,Completed,48,68,53
Female,Group A,Some College,Free,Not Completed,91,74,83
Female,Group E,Associate's Degree,Paid,Not Completed,57,76,98
Male,Group A,Some College,Paid,Completed,91,80,46
Female,Group E,Some College,Paid,Not Completed,68,79,69
Male,Group C,College,Free,Not Completed,80,69,42
Male,Group B,Master's Degree,Paid,Not Completed,95,57,74
Male,Group B,Master's Degree,Free,Completed,66,66,100
Male,Group B,High School,Free,Completed,98,61,99
Male,Group A,Some College,Free,Completed,42,80,72
Male,Group B,Some College,Free,Not Completed,41,68,98
Female,Group A,Some College,Paid,Not Completed,85,94,70
Male,Group D,Associate's Degree,Free,Not Completed,76,72,99
Female,Group B,College,Free,Completed,74,94,89
Female,Group D,College,Free,Not Completed,62,89,60
Female,Group D,College,Free,Not Completed,40,55,90
Female,Group A,College,Free,Completed,48,61,66
Male,Group C,Master's Degree,Paid,Not Completed,42,47,88
Male,Group D,High School,Paid,Not Completed,78,59,65
Female,Group E,College,Free,Completed,95,94,71
Female,Group D,Some College,Free,Completed,45,51,86
Female,Group E,Master's Degree,Paid,Completed,68,72,96
Male,Group D,Some College,Free,Completed,60,42,42
Male,Group E,High School,Free,Not Completed,47,70,96
Female,Group E,Some College,Free,Completed,88,71,47
Male,Group B,Associate's Degree,Paid,Completed,87,59,85
Female,Group D,Master's Degree,Free,Completed,81,71,46
Male,Group E,Master's Degree,Free,Not Completed,96,95,48
Female,Group A,Some College,Paid,Not Completed,98,81,78
Male,Group D,High School,Paid,Not Completed,68,97,60
Male,Group E,College,Free,Not Completed,47,95,62
Female,Group A,High School,Free,Completed,49,76,40
Male,Group D,Master's Degree,Paid,Not Completed,88,50,86
Male,Group E,High School,Free,Not Completed,72,89,57
Female,Group C,College,Free,Completed,57,56,88
Male,Group B,High School,Free,Completed,74,61,43
Male,Group B,Master's Degree,Free,Completed,98,91,95
Male,Group B,Associate's Degree,Paid,Completed,49,61,100
Female,Group C,High School,Paid,Completed,42,48,51
Male,Group C,Some College,Free,Completed,69,59,89
Female,Group C,Master's Degree,Paid,Completed,48,42,66
Male,Group C,Associate's Degree,Paid,Not Completed,89,98,89
Male,Group A,College,Free,Completed,92,70,83
Female,Group C,Some College,Free,Not Completed,46,58,70
Male,Group B,High School,Free,Not Completed,92,93,54
Male,Group E,High School,Free,Completed,94,64,58
Male,Group E,High School,Free,Completed,97,67,73
Female,Group B,College,Free,Completed,73,52,58
Female,Group E,Some College,Free,Completed,87,78,58
Male,Group E,High School,Paid,Not Completed,100,75,66
Female,Group E,Some College,Paid,Completed,78,71,66
Female,Group B,Master's Degree,Paid,Completed,95,92,88
Female,Group D,Associate's Degree,Paid,Not Completed,55,65,63
Male,Group D,Associate's Degree,Paid,Completed,92,91,68
Female,Group E,High School,Free,Completed,88,41,50
Male,Group B,College,Free,Not Completed,90,47,42
Female,Group B,Master's Degree,Paid,Completed,44,52,95
Male,Group E,Associate's Degree,Paid,Not Completed,74,63,48
Female,Group A,High School,Paid,Completed,85,69,59
Female,Group C,Master's Degree,Paid,Not Completed,92,45,72
Male,Group A,Master's Degree,Free,Completed,73,66,52
Female,Group D,Associate's Degree,Paid,Completed,77,91,99
Female,Group D,Master's Degree,Free,Not Completed,84,69,52
Female,Group D,Some College,Free,Not Completed,81,65,62
Female,Group C,Associate's Degree,Paid,Completed,46,68,61
Male,Group A,College,Free,Not Completed,85,64,87
Female,Group B,Master's Degree,Free,Completed,54,83,43
Male,Group C,Some College,Paid,Not Completed,89,54,76
Female,Group C,College,Paid,Completed,44,65,83
Female,Group B,Associate's Degree,Paid,Completed,93,59,61
Male,Group C,College,Free,Not Completed,61,81,87
Male,Group C,High School,Paid,Not Completed,97,100,76
Female,Group E,High School,Paid,Completed,50,41,66
Male,Group C,Associate's Degree,Free,Not Completed,47,43,85
Female,Group C,Associate's Degree,Paid,Completed,92,93,59
Male,Group E,Associate's Degree,Free,Completed,42,40,83
Male,Group D,College,Paid,Completed,58,57,92
Male,Group E,Associate's Degree,Free,Completed,73,49,88
Male,Group E,Associate's Degree,Free,Completed,76,90,78
Male,Group B,College,Paid,Completed,42,91,67
Male,Group A,College,Free,Not Completed,92,47,73
Female,Group E,Associate's Degree,Paid,Completed,95,83,83
Female,Group D,Master's Degree,Free,Completed,71,77,87
Male,Group B,High School,Free,Not Completed,56,82,79
Female,Group D,Master's Degree,Free,Not Completed,81,55,49
Male,Group C,High School,Free,Not Completed,99,81,83
Female,Group E,Some College,Paid,Completed,92,58,96
Female,Group D,College,Free,Completed,87,89,90
Female,Group E,Some College,Free,Not Completed,46,59,62
Female,Group D,High School,Paid,Not Completed,46,46,70
Male,Group E,College,Free,Not Completed,68,92,80
Female,Group D,Master's Degree,Free,Completed,60,52,52
Female,Group A,Some College,Free,Completed,77,54,97
Male,Group E,Master's Degree,Free,Not Completed,99,88,87
Female,Group D,College,Free,Completed,97,64,86
Female,Group A,Some College,Free,Completed,98,60,50
Male,Group C,College,Free,Not Completed,93,65,42
Female,Group E,College,Free,Completed,44,43,53
Female,Group B,Master's Degree,Free,Completed,88,44,41
Female,Group B,Master's Degree,Paid,Completed,74,47,68
Female,Group C,Some College,Free,Completed,53,77,83
Male,Group E,High School,Free,Not Completed,48,75,77
Male,Group C,Master's Degree,Paid,Not Completed,82,80,86
Female,Group C,Associate's Degree,Free,Completed,70,59,86
Male,Group E,College,Paid,Completed,98,80,98
Female,Group A,High School,Free,Completed,67,76,40
Female,Group B,College,Free,Completed,45,81,65
Male,Group A,Some College,Free,Not Completed,75,45,79
Female,Group D,Associate's Degree,Paid,Completed,76,55,52
Female,Group A,Master's Degree,Free,Not Completed,49,95,49
Female,Group C,Associate's Degree,Paid,Completed,70,87,61
Male,Group E,Some College,Free,Completed,55,66,87
Male,Group E,Master's Degree,Paid,Completed,54,68,90
Female,Group A,College,Free,Completed,56,79,93
Female,Group E,Some College,Free,Completed,47,96,53
Female,Group D,Associate's Degree,Free,Not Completed,67,53,81
Female,Group D,High School,Paid,Not Completed,86,41,44
Female,Group C,Master's Degree,Free,Not Completed,40,59,44
Male,Group B,Master's Degree,Free,Not Completed,62,46,59
Female,Group D,Master's Degree,Free,Completed,76,78,61
Male,Group E,High School,Paid,Not Completed,46,62,84
Male,Group E,College,Paid,Not Completed,59,85,55
Female,Group A,Master's Degree,Free,Not Completed,100,79,82
Male,Group A,Associate's Degree,Paid,Completed,70,70,66
Male,Group D,High School,Paid,Not Completed,65,45,60
Female,Group C,College,Paid,Completed,69,89,81
Female,Group A,Associate's Degree,Free,Not Completed,47,98,64
Male,Group D,College,Paid,Not Completed,95,46,72
Male,Group D,High School,Paid,Not Completed,92,70,45
Male,Group A,Some College,Paid,Not Completed,62,57,76
Female,Group C,Some College,Free,Completed,53,58,98
Female,Group A,Associate's Degree,Free,Completed,64,52,90
Male,Group D,Master's Degree,Paid,Completed,77,56,40
Female,Group D,Associate's Degree,Paid,Completed,47,68,98
Female,Group E,Associate's Degree,Paid,Not Completed,95,83,80
Female,Group D,College,Paid,Not Completed,79,64,85
Male,Group C,Some College,Free,Completed,93,74,65
Male,Group D,Master's Degree,Free,Completed,60,52,43
Female,Group A,College,Paid,Not Completed,57,40,46
Female,Group D,College,Paid,Not Completed,50,92,50
Male,Group E,High School,Free,Not Completed,44,87,83
Male,Group A,High School,Free,Completed,46,76,53
Female,Group A,High School,Paid,Not Completed,49,66,91
Female,Group C,High School,Free,Completed,72,47,40
Male,Group C,Some College,Free,Completed,74,69,64
Male,Group C,High School,Paid,Not Completed,53,66,85
Male,Group E,College,Paid,Completed,62,70,57
Male,Group E,Master's Degree,Paid,Completed,64,61,67
Male,Group E,Associate's Degree,Free,Completed,44,49,74
Male,Group D,College,Paid,Not Completed,79,87,86
Female,Group E,Some College,Free,Completed,74,51,99
Male,Group C,Some College,Free,Not Completed,75,63,75
Female,Group C,Master's Degree,Paid,Completed,44,53,48
Female,Group A,College,Free,Completed,86,47,74
Female,Group C,Master's Degree,Free,Not Completed,92,60,100
Male,Group B,Master's Degree,Free,Not Completed,46,74,51
Male,Group A,Some College,Paid,Not Completed,48,69,50
Female,Group B,Some College,Paid,Not Completed,96,75,54
Female,Group B,Associate's Degree,Paid,Completed,61,86,81
Female,Group E,Associate's Degree,Free,Not Completed,86,87,88
Male,Group A,Associate's Degree,Paid,Completed,70,66,59
Male,Group C,Some College,Free,Completed,44,55,63
Female,Group D,Master's Degree,Free,Completed,87,70,53
Male,Group E,College,Free,Completed,76,94,65
Male,Group C,College,Free,Not Completed,47,99,75
Female,Group A,High School,Paid,Completed,52,57,66
Female,Group A,Associate's Degree,Paid,Not Completed,84,40,54
Male,Group C,Associate's Degree,Free,Not Completed,42,94,87
Male,Group D,Master's Degree,Free,Not Completed,98,63,75
Female,Group B,Some College,Free,Not Completed,100,73,41
Male,Group C,High School,Free,Completed,50,46,41
Male,Group D,Master's Degree,Paid,Not Completed,48,88,85
Female,Group D,Associate's Degree,Free,Not Completed,86,62,67
Male,Group C,High School,Free,Completed,43,100,86
Female,Group E,Master's Degree,Free,Completed,91,90,78
Female,Group C,College,Free,Completed,97,93,96
Male,Group E,Master's Degree,Paid,Not Completed,69,50,80
Male,Group E,Associate's Degree,Free,Completed,71,46,64
Male,Group D,College,Paid,Completed,54,54,77
Male,Group E,Master's Degree,Free,Completed,96,83,90
Male,Group C,High School,Paid,Not Completed,50,83,85
Female,Group E,College,Paid,Completed,68,56,48
Female,Group A,High School,Paid,Completed,58,90,60
Male,Group B,High School,Paid,Completed,63,67,98
Female,Group A,Associate's Degree,Paid,Not Completed,84,97,43
Female,Group E,College,Free,Completed,47,82,79
Female,Group E,High School,Paid,Not Completed,52,47,43
Male,Group C,Associate's Degree,Free,Completed,80,56,84
Male,Group A,Master's Degree,Paid,Completed,55,85,79
Female,Group D,High School,Free,Not Completed,90,55,73
Male,Group B,Some College,Free,Not Completed,93,54,61
Male,Group B,Associate's Degree,Paid,Not Completed,61,53,88
Male,Group C,Master's Degree,Paid,Completed,95,86,99
Male,Group D,High School,Paid,Not Completed,61,66,63
Female,Group B,Master's Degree,Paid,Not Completed,99,84,44
Male,Group A,Master's Degree,Free,Completed,46,45,74
Male,Group B,Some College,Free,Not Completed,48,87,52
Male,Group B,Master's Degree,Free,Completed,72,48,64
Male,Group B,Master's Degree,Paid,Not Completed,43,99,89
Female,Group E,Some College,Paid,Not Completed,78,57,70
Female,Group A,High School,Free,Completed,73,50,76
Male,Group E,Master's Degree,Paid,Not Completed,60,62,95
Female,Group B,Associate's Degree,Free,Not Completed,79,95,64
Female,Group A,College,Free,Not Completed,76,91,83
Male,Group B,College,Free,Completed,74,95,91
Female,Group B,Some College,Paid,Not Completed,86,42,45
Male,Group E,Associate's Degree,Paid,Completed,76,81,86
Female,Group B,Master's Degree,Free,Completed,43,91,51
Female,Group D,High School,Free,Not Completed,92,64,90
Male,Group A,Some College,Paid,Completed,50,100,52
Male,Group C,High School,Free,Not Completed,64,45,56
Male,Group C,High School,Paid,Completed,97,82,53
Female,Group A,College,Paid,Completed,57,72,42
Male,Group D,Some College,Paid,Completed,99,45,73
Female,Group E,Some College,Paid,Completed,52,86,78
Male,Group C,Some College,Paid,Not Completed,85,81,59
Male,Group B,Associate's Degree,Free,Not Completed,41,48,50
Male,Group B,Associate's Degree,Free,Completed,48,69,72
Male,Group B,High School,Paid,Not Completed,98,59,45
Male,Group D,College,Free,Not Completed,64,81,56
Male,Group A,Some College,Free,Not Completed,97,68,84
Female,Group A,College,Free,Completed,97,79,87
Female,Group E,Some College,Free,Completed,68,55,56
Female,Group C,College,Free,Completed,69,97,99
Female,Group D,Associate's Degree,Free,Not Completed,79,64,90
Female,Group B,Associate's Degree,Paid,Completed,59,68,56
Male,Group E,College,Paid,Not Completed,88,94,44
Male,Group E,Some College,Paid,Not Completed,49,47,66
Male,Group E,Associate's Degree,Free,Completed,75,98,49
Female,Group A,College,Paid,Completed,73,46,90
Female,Group C,College,Paid,Not Completed,86,90,96
Female,Group E,College,Free,Completed,78,59,67
Male,Group C,Some College,Free,Completed,100,58,93
Female,Group E,College,Paid,Not Completed,54,48,52
Male,Group C,Associate's Degree,Free,Not Completed,56,64,77
Male,Group E,Some College,Paid,Completed,64,88,94
Male,Group A,Some College,Free,Not Completed,96,87,61
Female,Group E,Associate's Degree,Free,Not Completed,44,56,64
Male,Group D,Master's Degree,Paid,Not Completed,95,98,88
Male,Group B,College,Paid,Not Completed,63,45,74
Male,Group D,Associate's Degree,Paid,Not Completed,76,64,97
Male,Group E,Some College,Free,Not Completed,49,64,79
Female,Group C,Master's Degree,Free,Completed,47,65,80
Female,Group A,Associate's Degree,Paid,Not Completed,92,67,43
Male,Group C,Master's Degree,Paid,Completed,91,53,66
Female,Group D,College,Paid,Not Completed,44,84,100
Female,Group C,Master's Degree,Paid,Not Completed,47,70,91
Female,Group E,Associate's Degree,Free,Not Completed,47,64,92
Female,Group A,Associate's Degree,Free,Completed,66,53,47
Female,Group D,High School,Paid,Not Completed,98,66,71
Male,Group D,Associate's Degree,Paid,Completed,63,70,96
Male,Group B,High School,Paid,Completed,59,97,89
Male,Group D,High School,Free,Completed,86,72,70
Female,Group C,College,Paid,Completed,53,68,65
Female,Group B,Associate's Degree,Free,Not Completed,94,68,99
Female,Group D,High School,Paid,Completed,63,100,67
Female,Group E,College,Paid,Completed,75,84,83
Male,Group C,College,Free,Completed,81,97,59
Female,Group D,Master's Degree,Free,Not Completed,90,51,40
Female,Group D,Some College,Free,Completed,98,54,92
Female,Group B,Master's Degree,Free,Completed,81,69,43
Female,Group B,Master's Degree,Free,Completed,89,55,63
Female,Group C,Master's Degree,Paid,Completed,90,55,56
Female,Group A,Master's Degree,Paid,Not Completed,48,70,64
Female,Group D,Master's Degree,Free,Not Completed,60,88,51
Male,Group D,Some College,Paid,Completed,91,43,81
Male,Group D,Master's Degree,Paid,Completed,73,44,78
Male,Group A,College,Free,Completed,63,56,94
Female,Group C,Master's Degree,Paid,Completed,49,52,67
Male,Group C,Master's Degree,Paid,Not Completed,75,48,75
Male,Group B,Master's Degree,Free,Not Completed,83,64,73
Male,Group D,College,Paid,Completed,89,99,79
Male,Group C,Master's Degree,Paid,Completed,96,68,76
Female,Group C,Some College,Free,Not Completed,42,96,69
Male,Group B,Some College,Paid,Completed,40,90,40
Male,Group B,High School,Free,Not Completed,62,80,59
Male,Group C,Master's Degree,Free,Completed,66,51,64
Female,Group D,High School,Free,Not Completed,84,60,74
Male,Group B,High School,Free,Completed,45,49,82
Male,Group E,Associate's Degree,Paid,Completed,98,45,57
Male,Group E,Master's Degree,Paid,Not Completed,74,52,54
Female,Group D,College,Paid,Not Completed,47,50,71
Male,Group B,High School,Paid,Completed,47,70,93
Male,Group D,College,Paid,Not Completed,49,69,84
Male,Group E,High School,Paid,Not Completed,88,42,81
Female,Group E,Master's Degree,Paid,Not Completed,93,86,98
Female,Group B,Associate's Degree,Paid,Not Completed,81,90,68
Female,Group C,Associate's Degree,Free,Not Completed,87,96,40
Male,Group B,Some College,Paid,Not Completed,81,63,48
Female,Group A,Master's Degree,Free,Not Completed,45,73,63
Female,Group A,High School,Paid,Completed,78,93,43
Male,Group D,Master's Degree,Free,Not Completed,84,40,71
Male,Group C,High School,Paid,Not Completed,85,67,92
Male,Group E,Associate's Degree,Paid,Completed,66,52,76
Female,Group D,Master's Degree,Paid,Completed,51,61,59
Female,Group D,High School,Paid,Not Completed,74,100,68
Female,Group C,High School,Paid,Not Completed,51,83,56
Male,Group A,Master's Degree,Free,Completed,40,57,40
Female,Group C,College,Paid,Completed,52,63,52
Male,Group B,High School,Paid,Completed,51,80,49
Female,Group A,High School,Free,Not Completed,69,64,78
Male,Group D,Associate's Degree,Free,Completed,86,60,93
Male,Group E,Master's Degree,Paid,Not Completed,72,80,96
Female,Group E,College,Free,Not Completed,48,64,87
Female,Group E,Some College,Free,Not Completed,93,41,71
Female,Group A,Master's Degree,Free,Not Completed,44,68,71
Male,Group E,Master's Degree,Paid,Completed,67,84,69
Female,Group E,College,Free,Completed,56,64,86
Female,Group D,College,Free,Not Completed,72,84,45
Male,Group B,Master's Degree,Paid,Completed,49,87,47
Female,Group D,High School,Free,Not Completed,87,100,55
Male,Group E,Some College,Free,Not Completed,77,51,50
Female,Group D,High School,Paid,Completed,86,57,74
Male,Group D,Associate's Degree,Paid,Not Completed,92,63,40
Female,Group C,Master's Degree,Paid,Completed,62,41,61
Female,Group E,Associate's Degree,Free,Completed,55,65,98
Male,Group B,College,Free,Completed,65,72,100
Male,Group A,High School,Paid,Completed,77,91,75
Male,Group A,Some College,Free,Completed,55,89,80
Female,Group D,Some College,Free,Not Completed,40,73,93
Male,Group A,High School,Free,Completed,47,55,78
Female,Group E,High School,Paid,Not Completed,60,64,42
Female,Group D,Associate's Degree,Free,Not Completed,49,67,82
Male,Group D,College,Paid,Completed,75,94,60
Male,Group D,Associate's Degree,Free,Completed,87,88,57
Male,Group D,Associate's Degree,Free,Completed,98,63,48
Male,Group A,High School,Free,Not Completed,100,90,41
Male,Group E,College,Paid,Not Completed,57,100,54
Male,Group C,Master's Degree,Free,Not Completed,93,97,85
Female,Group B,Master's Degree,Paid,Completed,45,61,90
Female,Group B,Associate's Degree,Free,Not Completed,67,91,64
Female,Group B,Associate's Degree,Paid,Completed,84,55,65
Male,Group D,Some College,Free,Not Completed,85,58,54
Male,Group C,Some College,Paid,Completed,45,92,88
Female,Group A,Master's Degree,Free,Not Completed,78,58,91
Male,Group B,High School,Free,Completed,98,70,61
Male,Group D,High School,Paid,Not Completed,54,86,98
Male,Group E,Master's Degree,Paid,Completed,62,79,91
Female,Group E,College,Paid,Completed,71,74,73
Female,Group C,Associate's Degree,Free,Not Completed,83,74,85
Male,Group A,Master's Degree,Free,Completed,68,82,72
Female,Group A,Some College,Paid,Not Completed,41,51,84
Female,Group C,Some College,Paid,Not Completed,70,80,88
Male,Group C,Associate's Degree,Paid,Completed,40,96,73
Male,Group E,Associate's Degree,Paid,Completed,99,63,70
Male,Group A,Associate's Degree,Free,Not Completed,58,74,74
Female,Group C,High School,Paid,Completed,50,84,44
Female,Group E,Associate's Degree,Paid,Completed,73,48,79
Male,Group E,Some College,Paid,Not Completed,49,58,97
Male,Group A,Associate's Degree,Paid,Completed,84,80,75
Male,Group B,Some College,Paid,Completed,92,41,53
Male,Group B,Associate's Degree,Free,Not Completed,76,66,95
Male,Group E,Some College,Paid,Not Completed,83,76,96
Female,Group A,Associate's Degree,Free,Completed,97,65,50
Female,Group D,College,Paid,Completed,74,99,92
Female,Group A,Associate's Degree,Paid,Completed,49,63,54
Female,Group B,Master's Degree,Paid,Completed,75,75,82
Female,Group A,Associate's Degree,Paid,Not Completed,91,94,71
Female,Group C,Associate's Degree,Paid,Completed,92,72,69
Female,Group E,High School,Paid,Not Completed,53,78,50
Female,Group C,Some College,Free,Completed,62,69,78
Female,Group A,Associate's Degree,Paid,Completed,85,52,54
Female,Group E,Master's Degree,Paid,Completed,83,59,89
Female,Group E,Associate's Degree,Paid,Completed,81,71,98
Male,Group A,Associate's Degree,Free,Not Completed,97,99,53
Male,Group E,Some College,Free,Completed,77,73,58
Female,Group E,Master's Degree,Paid,Not Completed,82,52,80
Male,Group B,Some College,Paid,Completed,90,53,80
Female,Group E,Associate's Degree,Free,Completed,40,86,82
Male,Group D,Master's Degree,Paid,Not Completed,44,50,57
Female,Group E,Associate's Degree,Free,Not Completed,95,81,89
Female,Group E,High School,Free,Completed,51,95,62
Male,Group E,High School,Paid,Completed,52,62,73
Female,Group D,Master's Degree,Paid,Not Completed,98,91,65
Male,Group C,Some College,Free,Not Completed,84,88,76
Male,Group A,Associate's Degree,Paid,Completed,96,58,57
Female,Group A,Master's Degree,Free,Completed,94,89,51
Male,Group A,Associate's Degree,Paid,Not Completed,56,43,54
Female,Group E,College,Paid,Completed,57,95,40
Female,Group B,Master's Degree,Free,Completed,81,59,50
Male,Group A,Master's Degree,Paid,Not Completed,41,76,86
Male,Group A,High School,Free,Completed,60,75,68
Female,Group D,College,Free,Completed,62,55,78
Female,Group E,Master's Degree,Free,Not Completed,41,90,78
Female,Group E,Master's Degree,Paid,Completed,68,45,56
Female,Group C,Master's Degree,Paid,Completed,49,54,83
Male,Group B,Some College,Free,Not Completed,41,82,52
Male,Group A,Associate's Degree,Free,Not Completed,67,99,69
Male,Group A,College,Free,Not Completed,71,44,98
Female,Group D,College,Paid,Not Completed,83,74,68
Male,Group E,Master's Degree,Free,Not Completed,47,73,97
Female,Group E,High School,Free,Not Completed,89,59,72
Male,Group C,College,Paid,Not Completed,90,68,70
Male,Group D,Some College,Paid,Completed,51,83,50
Male,Group A,Master's Degree,Paid,Not Completed,99,99,68
Male,Group D,Some College,Free,Not Completed,98,86,84
Male,Group B,High School,Paid,Completed,65,41,72
Male,Group E,High School,Free,Not Completed,65,41,98
Male,Group C,College,Free,Completed,56,57,96
Female,Group B,Associate's Degree,Paid,Completed,75,84,43
Male,Group A,High School,Paid,Completed,79,77,80
Male,Group E,Master's Degree,Free,Completed,83,88,86
Male,Group E,Some College,Free,Completed,80,60,89
Male,Group B,College,Free,Completed,69,95,78
Male,Group A,Some College,Free,Completed,81,47,70
Female,Group C,Associate's Degree,Free,Completed,82,50,77
Female,Group B,Master's Degree,Free,Completed,55,50,42
Female,Group D,Some College,Free,Not Completed,55,93,50
Male,Group B,High School,Free,Completed,78,96,60
Male,Group C,Some College,Free,Not Completed,98,76,82
Male,Group C,Master's Degree,Paid,Completed,98,90,50
Male,Group D,Some College,Paid,Not Completed,63,56,46
Male,Group E,Master's Degree,Free,Completed,77,49,98
Female,Group E,Associate's Degree,Free,Completed,69,69,47
Male,Group C,High School,Paid,Completed,59,94,68
Male,Group C,High School,Free,Completed,61,79,49
Male,Group D,Master's Degree,Paid,Completed,51,41,70
Male,Group D,Some College,Free,Completed,53,45,72
Male,Group D,College,Free,Not Completed,88,80,56
Male,Group A,Master's Degree,Free,Completed,99,63,73
Male,Group D,High School,Free,Completed,71,89,48
Female,Group E,Master's Degree,Paid,Completed,76,80,71
Female,Group E,Associate's Degree,Free,Not Completed,83,54,42
Male,Group C,Some College,Paid,Completed,50,44,91
Female,Group D,College,Free,Completed,99,75,77
Male,Group D,Associate's Degree,Paid,Not Completed,100,100,69
Male,Group C,High School,Paid,Not Completed,51,59,99
Male,Group D,Master's Degree,Free,Not Completed,85,53,87
Female,Group C,College,Free,Completed,73,74,57
Female,Group E,Some College,Free,Not Completed,60,68,93
Male,Group C,High School,Free,Completed,60,83,88
Female,Group D,Some College,Paid,Completed,76,72,43
Female,Group A,College,Paid,Not Completed,44,80,88
Female,Group E,Some College,Paid,Completed,73,76,41
Female,Group A,High School,Paid,Completed,76,60,57
Male,Group D,College,Free,Not Completed,63,86,57
Male,Group C,College,Free,Not Completed,45,67,59
Female,Group A,High School,Free,Completed,42,93,47
Female,Group C,Some College,Free,Completed,86,53,58
Male,Group E,College,Free,Not Completed,65,47,99
Female,Group A,Some College,Paid,Completed,98,46,85
Male,Group D,Associate's Degree,Paid,Not Completed,46,44,100
Female,Group D,Master's Degree,Free,Completed,99,87,90
Male,Group B,Master's Degree,Free,Completed,97,55,58
Male,Group B,Master's Degree,Paid,Completed,51,71,65
Female,Group D,Master's Degree,Paid,Not Completed,78,49,98
Male,Group A,Master's Degree,Free,Not Completed,96,61,49
Female,Group A,Master's Degree,Free,Not Completed,99,100,87
Female,Group B,High School,Paid,Not Completed,79,68,90
Female,Group A,Associate's Degree,Free,Not Completed,81,90,48
Male,Group E,High School,Paid,Not Completed,84,57,73
Female,Group B,College,Free,Completed,48,59,52
Male,Group A,Associate's Degree,Free,Not Completed,45,66,81
Female,Group E,College,Paid,Not Completed,59,100,91
Female,Group B,Some College,Free,Completed,44,80,97
Female,Group D,Master's Degree,Paid,Completed,80,73,68
Male,Group E,College,Free,Not Completed,53,49,80
Female,Group A,Master's Degree,Paid,Not Completed,51,98,40
Male,Group E,Master's Degree,Free,Completed,93,85,61
Female,Group D,Some College,Free,Not Completed,52,88,72
Male,Group C,College,Free,Completed,78,47,94
Female,Group A,Master's Degree,Paid,Completed,94,71,79
Male,Group A,Some College,Paid,Completed,72,48,97
Female,Group E,Some College,Free,Completed,86,72,94
Female,Group C,College,Free,Completed,77,94,76
Female,Group E,Associate's Degree,Paid,Completed,48,45,59
Male,Group D,Some College,Free,Not Completed,65,98,99
Female,Group B,College,Free,Completed,54,88,86
Male,Group A,Some College,Paid,Not Completed,74,77,60
Female,Group E,College,Paid,Not Completed,50,99,67
Female,Group D,High School,Paid,Not Completed,49,40,99
Female,Group E,Some College,Paid,Not Completed,84,99,79
Male,Group A,High School,Free,Not Completed,40,68,79
Male,Group B,High School,Paid,Not Completed,68,88,52
Male,Group E,Associate's Degree,Paid,Completed,90,77,51
Male,Group C,Some College,Paid,Completed,71,43,95
Female,Group D,College,Free,Not Completed,98,47,61
Male,Group E,Some College,Free,Not Completed,87,65,95
Male,Group D,Master's Degree,Paid,Completed,65,67,96
Male,Group E,Some College,Paid,Not Completed,83,95,54
Male,Group B,Master's Degree,Free,Not Completed,42,97,80
Male,Group D,High School,Paid,Completed,48,60,75
Male,Group C,Master's Degree,Paid,Not Completed,69,52,64
Male,Group B,High School,Paid,Completed,88,93,41
Female,Group D,Associate's Degree,Paid,Completed,72,50,69
Female,Group E,College,Paid,Not Completed,57,57,63
Female,Group B,Associate's Degree,Paid,Not Completed,58,95,44
Female,Group D,College,Free,Not Completed,95,60,41
Female,Group C,Master's Degree,Free,Completed,100,97,89
Female,Group C,College,Paid,Not Completed,89,48,81
Male,Group C,Associate's Degree,Paid,Not Completed,44,88,65
Female,Group D,High School,Paid,Not Completed,64,71,76
Female,Group E,Some College,Paid,Completed,66,59,91
Male,Group E,Some College,Paid,Not Completed,64,41,45
Female,Group C,Associate's Degree,Paid,Not Completed,92,80,97
Female,Group C,Associate's Degree,Free,Completed,78,83,71
Male,Group E,Some College,Free,Not Completed,75,96,57
Male,Group B,Associate's Degree,Paid,Completed,57,94,82
Female,Group A,Associate's Degree,Paid,Completed,84,89,70
Female,Group B,Some College,Paid,Completed,60,81,45
Male,Group C,College,Paid,Not Completed,51,55,68
Male,Group E,High School,Paid,Completed,92,45,68
Male,Group A,High School,Paid,Not Completed,94,47,60
Male,Group C,Some College,Free,Completed,84,55,60
Male,Group A,High School,Free,Completed,40,77,94
Female,Group A,Associate's Degree,Free,Completed,73,95,49
Female,Group C,Master's Degree,Free,Completed,86,56,65
Male,Group E,Master's Degree,Paid,Not Completed,58,69,89
Female,Group D,Associate's Degree,Free,Not Completed,87,61,51
Male,Group D,High School,Free,Completed,45,93,43
Female,Group C,High School,Free,Not Completed,75,54,55
Female,Group A,Associate's Degree,Free,Completed,98,97,89
Female,Group C,High School,Paid,Not Completed,75,64,62
Male,Group D,High School,Free,Completed,88,84,82
Female,Group C,Master's Degree,Paid,Completed,42,42,83
Male,Group A,High School,Paid,Completed,50,55,91
Female,Group B,Master's Degree,Paid,Not Completed,97,84,89
Female,Group D,Master's Degree,Paid,Completed,88,76,86
Female,Group B,Master's Degree,Paid,Completed,94,100,58
Male,Group E,Master's Degree,Paid,Not Completed,51,87,41
Male,Group A,High School,Paid,Completed,99,62,66
Male,Group C,Some College,Paid,Not Completed,96,80,98
Male,Group C,College,Free,Not Completed,83,50,85
Female,Group E,Master's Degree,Paid,Not Completed,59,97,84
Male,Group B,Some College,Paid,Completed,72,48,54
Female,Group A,Master's Degree,Free,Completed,59,99,77
Female,Group A,Associate's Degree,Free,Not Completed,71,94,85
Male,Group D,High School,Free,Not Completed,53,88,71
Male,Group B,Some College,Free,Not Completed,92,55,64
Male,Group E,Some College,Free,Completed,60,90,50
Female,Group B,Associate's Degree,Free,Not Completed,62,43,95
Female,Group A,High School,Free,Not Completed,95,61,63
Female,Group B,Associate's Degree,Free,Not Completed,65,86,51
Female,Group B,College,Paid,Not Completed,55,42,83
Female,Group E,College,Paid,Completed,95,45,42
Female,Group D,College,Free,Not Completed,83,83,49
Male,Group C,College,Free,Completed,65,84,68
Female,Group B,High School,Free,Not Completed,76,47,62
Female,Group A,Master's Degree,Free,Completed,70,94,65
Female,Group B,Some College,Paid,Completed,55,94,98
Female,Group B,College,Free,Completed,83,87,67
Male,Group B,Master's Degree,Free,Completed,72,79,69
Female,Group E,High School,Free,Completed,86,59,73
Male,Group D,Some College,Free,Completed,45,46,58
Male,Group C,Associate's Degree,Free,Not Completed,58,100,83
Female,Group D,High School,Paid,Not Completed,53,88,99
Female,Group B,College,Free,Completed,65,42,74
Male,Group C,Associate's Degree,Paid,Completed,64,62,97
Female,Group A,High School,Paid,Not Completed,46,89,40
Female,Group A,Master's Degree,Paid,Not Completed,59,59,44
Male,Group E,Master's Degree,Free,Not Completed,55,51,70
Female,Group E,High School,Free,Completed,48,69,67
Male,Group A,High School,Paid,Not Completed,78,67,91
Male,Group E,Some College,Paid,Not Completed,93,100,60
Female,Group C,College,Paid,Completed,98,65,96
Male,Group E,High School,Free,Completed,83,59,85
Male,Group C,High School,Paid,Not Completed,50,41,59
Male,Group A,Some College,Paid,Not Completed,82,80,88
Male,Group E,Master's Degree,Free,Completed,46,87,98
Female,Group E,Some College,Paid,Completed,63,82,65
Male,Group E,High School,Paid,Not Completed,67,48,88
Male,Group E,Some College,Free,Completed,65,93,46
Male,Group E,College,Paid,Not Completed,85,41,61
Female,Group C,Some College,Paid,Not Completed,87,82,80
Male,Group B,Some College,Paid,Not Completed,59,79,58
Male,Group B,College,Paid,Completed,55,55,59
Female,Group D,College,Paid,Not Completed,55,52,54
Female,Group B,Some College,Free,Not Completed,92,94,99
Female,Group C,Master's Degree,Free,Completed,97,78,65
Male,Group D,College,Free,Not Completed,60,46,97
Female,Group D,Associate's Degree,Paid,Completed,64,47,40
Male,Group E,Some College,Free,Completed,42,98,71
Female,Group A,Master's Degree,Paid,Completed,55,49,50
Male,Group B,Master's Degree,Free,Completed,59,43,80
Female,Group B,Master's Degree,Free,Completed,86,93,82
Female,Group E,High School,Free,Not Completed,86,42,55
Female,Group D,College,Paid,Completed,57,80,73
Male,Group B,Some College,Free,Completed,57,67,98
Female,Group C,Some College,Free,Completed,72,85,53
Female,Group C,College,Free,Not Completed,88,51,45
Female,Group A,Some College,Free,Completed,87,90,62
Male,Group C,Associate's Degree,Paid,Not Completed,44,85,58
Male,Group D,High School,Paid,Not Completed,54,70,90
Female,Group B,Some College,Paid,Not Completed,72,86,83
Male,Group D,High School,Paid,Not Completed,73,70,48
Female,Group A,High School,Paid,Completed,47,59,40
Female,Group B,Some College,Paid,Completed,42,62,86
Female,Group D,Associate's Degree,Free,Completed,57,46,87
